,Anillo 1,Anillo 2
Pendiente,0.8779942195291112,1.4466202591042265
Ordenada en el origen,0.00040817953228857763,0.001490637496467339
Error Pendiente,0.05826506559240043,0.04703387379749255
Error Ordenada en el origen,0.0010083866326129828,0.0008140097180905541
R2,0.9537958201014003,0.9885056542568211
p-valor,1.0859261101649486e-08,5.083618506252861e-12
