,Anillo 1,Anillo 2
Pendiente,1441495410.0756235,2354390617.260232
Ordenada en el origen,0.0006235450685987583,0.0030900631502863776
Error Pendiente,95871373.69838381,76530796.30921586
Error Ordenada en el origen,0.0020331074778628905,0.0016229592657405667
R2,0.9536007824810452,0.9885108067484487
p-valor,1.1114739224629945e-08,5.07108658004585e-12
